<!DOCTYPE suite SYSTEM "http://testng.org/testng-1.0.dtd" >
<!-- suite name="RegreesionSuite" parallel="classes" thread-count="2" >  -->
<suite name="RegreesionSuite" parallel="classes" thread-count="4">

    <listeners>
        <!--<listener class-name="com.ewbc.qa.web.framework.utility.Listeners.RetryListenerClass"/>-->
        <listener class-name="com.ewbc.qa.web.framework.utility.Listeners.ExtentReportListener"/>
    </listeners>

    <!--<listeners>-->
    <!--<listener class-name="com.ewbc.qa.web.framework.utility.Listeners.TestListener"/>-->
    <!--<listener class-name="com.ewbc.qa.web.framework.utility.Listeners.AnnotationTransformer"/>-->
    <!--</listeners>-->

    <test name="RegressionTestDefaultBrowser">
        <classes>
            <class name="com.ewbc.qa.web.SmokeSuite.SampleBVTTest">
                <methods>
                    <include name="SampleTestDefaultBrowser"/>
                    <include name="SampleTest"/>
                </methods>
            </class>

        </classes>
    </test>

    <test name="RegressionTestInIExplore">
        <classes>
            <class name="com.ewbc.qa.web.SmokeSuite.SampleBVTTest">
                <parameter name="browserName" value="iexplore"/>
                <methods>
                    <include name="SampleTestIE"/>
                </methods>

            </class>

        </classes>
    </test>


</suite>